Copia csv recuperato al link https://bit.ly/3rncK55 su segnalazione di Wired Italia https://bit.ly/3cvH3lI,,,,,,
Nome Istituto,Codice Istituto,Nome Scuola,Codice scuola,Soggetto Scolastico,Settimana,Casi
Abbé J.M.Trèves,AOIP014000,Abbé J.M.Trèves,-,Docente,2020.40,1
Abbé J.M.Trèves,AOIP014000,Abbé J.M.Trèves,-,Docente,2020.43,1
Abbé J.M.Trèves,AOIP014000,Abbé J.M.Trèves,-,Docente,2020.44,2
Abbé J.M.Trèves,AOIP014000,Abbé J.M.Trèves,-,Docente,2020.46,3
Abbé J.M.Trèves,AOIP014000,Abbé J.M.Trèves,-,Docente,2020.47,1
Abbé J.M.Trèves,AOIP014000,Abbé J.M.Trèves,-,Docente,2020.48,1
Abbé J.M.Trèves,AOIP014000,infanzia  Antey-St-André,AO1A014030,Studente,2020.44,1
Abbé J.M.Trèves,AOIP014000,primaria   Saint-Vincent Capoluogo,AO1E014010,Studente,2020.43,1
Abbé J.M.Trèves,AOIP014000,primaria   Saint-Vincent Capoluogo,AO1E014010,Studente,2020.44,1
Abbé J.M.Trèves,AOIP014000,primaria   Saint-Vincent Capoluogo,AO1E014010,Studente,2020.45,2
Abbé J.M.Trèves,AOIP014000,primaria   Saint-Vincent Capoluogo,AO1E014010,Studente,2020.46,1
Abbé J.M.Trèves,AOIP014000,primaria  Antey-St-André,AO1E014030,Studente,2020.44,1
Abbé J.M.Trèves,AOIP014000,primaria  Antey-St-André,AO1E014030,Studente,2020.46,1
Abbé J.M.Trèves,AOIP014000,primaria  Saint-Vincent Moron,AO1E014020,Studente,2020.46,2
Abbé J.M.Trèves,AOIP014000,primaria  Valtournenche Capoluogo,AO1E014050,Studente,2020.45,1
Abbé J.M.Trèves,AOIP014000,secondaria di primo grado Saint- Vincent,AO1M014010,Studente,2020.44,1
Abbé J.M.Trèves,AOIP014000,secondaria di primo grado Saint- Vincent,AO1M014010,Studente,2020.45,1
Abbé J.M.Trèves,AOIP014000,secondaria di primo grado Saint- Vincent,AO1M014010,Studente,2020.46,2
Abbé J.M.Trèves,AOIP014000,secondaria di primo grado Valtournenche,AO1M014020,Studente,2020.46,1
Abbé J.M.Trèves,AOIP014000,secondaria di primo grado Valtournenche,AO1M014020,Studente,2020.47,1
Abbé Prosper Duc,AOIP013000,Abbé Prosper Duc,-,Altro,2020.42,1
Abbé Prosper Duc,AOIP013000,Abbé Prosper Duc,-,Docente,2020.46,3
Abbé Prosper Duc,AOIP013000,Abbé Prosper Duc,-,Docente,2020.49,1
Abbé Prosper Duc,AOIP013000,infanzia Chambave,AO1A013010,Studente,2020.44,1
Abbé Prosper Duc,AOIP013000,infanzia Verrayes Champagnet,AO1A013060,Studente,2020.43,1
Abbé Prosper Duc,AOIP013000,primaria  Pontey,AO1E013040,Studente,2020.49,1
Abbé Prosper Duc,AOIP013000,primaria  Verrayes,AO1E013050,Studente,2020.43,1
Abbé Prosper Duc,AOIP013000,primaria  Verrayes,AO1E013050,Studente,2020.45,2
Abbé Prosper Duc,AOIP013000,secondaria di primo grado Châtillon,AO1M013010,Studente,2020.41,1
Abbé Prosper Duc,AOIP013000,secondaria di primo grado Châtillon,AO1M013010,Studente,2020.45,1
Abbé Prosper Duc,AOIP013000,primaria Châtillon capoluogo,AO1E013010,Studente,2020.40,1
Abbé Prosper Duc,AOIP013000,primaria Châtillon capoluogo,AO1E013010,Studente,2020.42,1
Abbé Prosper Duc,AOIP013000,primaria Châtillon capoluogo,AO1E013010,Studente,2020.44,1
Convitto Regionale Federico Chabod,-,Convitto Regionale Federico Chabod,-,Altro,2020.45,1
Convitto Regionale Federico Chabod,-,Convitto Regionale Federico Chabod,-,Altro,2020.46,2
Convitto Regionale Federico Chabod,-,Convitto Regionale Federico Chabod,-,Docente,2020.46,3
Convitto Regionale Federico Chabod,-,Convitto Regionale Federico Chabod,-,Altro,2020.47,1
Convitto Regionale Federico Chabod,-,Convitto Regionale Federico Chabod,-,Altro,2020.48,1
Emile Lexert,AOIP004000,Emile Lexert,-,Altro,2020.41,1
Emile Lexert,AOIP004000,Emile Lexert,-,Docente,2020.45,1
Emile Lexert,AOIP004000,Emile Lexert,-,Docente,2020.46,1
Emile Lexert,AOIP004000,Emile Lexert,-,Docente,2020.47,3
Emile Lexert,AOIP004000,Emile Lexert,-,Docente,2020.49,1
Emile Lexert,AOIP004000,primaria Ettore Ramires,AO1E004010,Studente,2020.43,1
Emile Lexert,AOIP004000,primaria Ettore Ramires,AO1E004010,Studente,2020.46,1
Emile Lexert,AOIP004000,secondaria di primo grado Emile Lexert,AO1M004010,Studente,2020.42,1
Emile Lexert,AOIP004000,secondaria di primo grado Emile Lexert,AO1M004010,Studente,2020.44,2
Emile Lexert,AOIP004000,secondaria di primo grado Emile Lexert,AO1M004010,Studente,2020.46,1
Emile Lexert,AOIP004000,secondaria di primo grado Emile Lexert,AO1M004010,Studente,2020.48,1
Emile Lexert,AOIP004000,secondaria di primo grado Emile Lexert,AO1M004010,Studente,2020.49,1
Eugenia Martinet,AOIP005000,Eugenia Martinet,-,Docente,2020.41,1
Eugenia Martinet,AOIP005000,Eugenia Martinet,-,Docente,2020.46,1
Eugenia Martinet,AOIP005000,Eugenia Martinet,-,Altro,2020.47,1
Eugenia Martinet,AOIP005000,"primaria ""Giovanni Pezzoli""",AO1E005010,Studente,2020.39,2
Eugenia Martinet,AOIP005000,"primaria ""Giovanni Pezzoli""",AO1E005010,Studente,2020.40,1
Eugenia Martinet,AOIP005000,"primaria ""Giovanni Pezzoli""",AO1E005010,Studente,2020.41,1
Eugenia Martinet,AOIP005000,"primaria ""Giovanni Pezzoli""",AO1E005010,Studente,2020.43,2
Eugenia Martinet,AOIP005000,"primaria ""Giovanni Pezzoli""",AO1E005010,Studente,2020.44,1
Eugenia Martinet,AOIP005000,"primaria ""Giovanni Pezzoli""",AO1E005010,Studente,2020.45,2
Eugenia Martinet,AOIP005000,"secondaria di primo grado ""J.B. Cerlogne""",AO1M005010,Studente,2020.41,1
Eugenia Martinet,AOIP005000,"secondaria di primo grado ""J.B. Cerlogne""",AO1M005010,Studente,2020.43,3
Eugenia Martinet,AOIP005000,"secondaria di primo grado ""J.B. Cerlogne""",AO1M005010,Studente,2020.44,12
Eugenia Martinet,AOIP005000,"secondaria di primo grado ""J.B. Cerlogne""",AO1M005010,Studente,2020.45,3
Eugenia Martinet,AOIP005000,"secondaria di primo grado ""J.B. Cerlogne""",AO1M005010,Studente,2020.46,1
Eugenia Martinet,AOIP005000,"secondaria di primo grado ""J.B. Cerlogne""",AO1M005010,Studente,2020.47,1
Eugenia Martinet,AOIP005000,"secondaria di primo grado ""J.B. Cerlogne""",AO1M005010,Studente,2020.48,1
O. Jacquemet,AOIP016000,Evançon 2,-,Docente,2020.41,1
O. Jacquemet,AOIP016000,Evançon 2,-,Docente,2020.42,2
O. Jacquemet,AOIP016000,Evançon 2,-,Docente,2020.44,1
O. Jacquemet,AOIP016000,Evançon 2,-,Docente,2020.45,1
O. Jacquemet,AOIP016000,Evançon 2,-,Docente,2020.46,3
O. Jacquemet,AOIP016000,Evançon 2,-,Docente,2020.47,1
O. Jacquemet,AOIP016000,Evançon 2,-,Docente,2020.48,1
O. Jacquemet,AOIP016000,infanzia di Verrès,AO1A016060,Studente,2020.45,1
O. Jacquemet,AOIP016000,primaria  Verrès,AO1E016060,Studente,2020.46,1
O. Jacquemet,AOIP016000,primaria  Verrès,AO1E016060,Studente,2020.48,1
O. Jacquemet,AOIP016000,primaria Issogne,AO1E016030,Studente,2020.46,1
O. Jacquemet,AOIP016000,primaria Issogne,AO1E016030,Studente,2020.48,1
Fondazione per la formazione professionale turistica,-,Percorsi triennali leFP,-,Studente,2020.42,2
Fondazione per la formazione professionale turistica,-,Percorsi triennali leFP,-,Studente,2020.44,1
Fondazione per la formazione professionale turistica,-,Percorsi triennali leFP,-,Studente,2020.45,1
Fondazione per la formazione professionale turistica,-,Percorsi triennali leFP,-,Studente,2020.46,1
Fondazione per la formazione professionale turistica,-,Percorsi triennali leFP,-,Studente,2020.47,1
Grand Combin,AOIP009000,Grand Combin,-,Docente,2020.45,2
Grand Combin,AOIP009000,Grand Combin,-,Docente,2020.46,3
Grand Combin,AOIP009000,Grand Combin,-,Docente,2020.47,5
Grand Combin,AOIP009000,Grand Combin,-,Docente,2020.48,1
Grand Combin,AOIP009000,primaria  Roisan,AO1E009050,Studente,2020.47,1
Grand Combin,AOIP009000,primaria Gignod,AO1E009020,Studente,2020.47,1
Grand Combin,AOIP009000,primaria Gignod,AO1E009020,Studente,2020.49,1
Grand Combin,AOIP009000,primaria Variney,AO1E009030,Studente,2020.44,1
Grand Combin,AOIP009000,primaria Variney,AO1E009030,Studente,2020.48,1
Grand Combin,AOIP009000,secondaria di primo grado Variney,AO1M009010,Studente,2020.45,1
Grand Combin,AOIP009000,secondaria di primo grado Variney,AO1M009010,Studente,2020.46,1
Grand Combin,AOIP009000,secondaria di primo grado Variney,AO1M009010,Studente,2020.47,1
INSTITUT AGRICOLE REGIONAL,AORA025009,INSTITUT AGRICOLE REGIONAL,AORA025009,Studente,2020.40,1
INSTITUT AGRICOLE REGIONAL,AORA025009,INSTITUT AGRICOLE REGIONAL,AORA025009,Docente,2020.41,2
INSTITUT AGRICOLE REGIONAL,AORA025009,INSTITUT AGRICOLE REGIONAL,AORA025009,Studente,2020.41,3
INSTITUT AGRICOLE REGIONAL,AORA025009,INSTITUT AGRICOLE REGIONAL,AORA025009,Docente,2020.42,1
INSTITUT AGRICOLE REGIONAL,AORA025009,INSTITUT AGRICOLE REGIONAL,AORA025009,Studente,2020.42,3
INSTITUT AGRICOLE REGIONAL,AORA025009,INSTITUT AGRICOLE REGIONAL,AORA025009,Studente,2020.43,10
INSTITUT AGRICOLE REGIONAL,AORA025009,INSTITUT AGRICOLE REGIONAL,AORA025009,Docente,2020.44,3
INSTITUT AGRICOLE REGIONAL,AORA025009,INSTITUT AGRICOLE REGIONAL,AORA025009,Studente,2020.44,2
INSTITUT AGRICOLE REGIONAL,AORA025009,INSTITUT AGRICOLE REGIONAL,AORA025009,Studente,2020.45,2
INSTITUT AGRICOLE REGIONAL,AORA025009,INSTITUT AGRICOLE REGIONAL,AORA025009,Altro,2020.48,1
INSTITUT AGRICOLE REGIONAL,AORA025009,INSTITUT AGRICOLE REGIONAL,AORA025009,Studente,2020.49,1
INSTITUT AGRICOLE REGIONAL,AORA025009,INSTITUT AGRICOLE REGIONAL -Operatore agricolo (triennale),AORA02501M,Studente,2020.42,1
ISTITUTO PROFESSIONALE REGIONALE ALBERGHIERO,AORR02000A,ISTITUTO PROFESSIONALE REGIONALE ALBERGHIERO,AORR02000A,Studente,2020.42,2
ISTITUTO PROFESSIONALE REGIONALE ALBERGHIERO,AORR02000A,ISTITUTO PROFESSIONALE REGIONALE ALBERGHIERO,AORR02000A,Altro,2020.43,1
ISTITUTO PROFESSIONALE REGIONALE ALBERGHIERO,AORR02000A,ISTITUTO PROFESSIONALE REGIONALE ALBERGHIERO,AORR02000A,Altro,2020.44,1
ISTITUTO PROFESSIONALE REGIONALE ALBERGHIERO,AORR02000A,ISTITUTO PROFESSIONALE REGIONALE ALBERGHIERO,AORR02000A,Docente,2020.45,1
ISTITUTO PROFESSIONALE REGIONALE ALBERGHIERO,AORR02000A,ISTITUTO PROFESSIONALE REGIONALE ALBERGHIERO,AORR02000A,Altro,2020.46,2
ISTITUTO PROFESSIONALE REGIONALE ALBERGHIERO,AORR02000A,ISTITUTO PROFESSIONALE REGIONALE ALBERGHIERO,AORR02000A,Studente,2020.46,1
ISTITUTO PROFESSIONALE REGIONALE ALBERGHIERO,AORR02000A,ISTITUTO PROFESSIONALE REGIONALE ALBERGHIERO,AORR02000A,Studente,2020.47,1
ISTITUTO PROFESSIONALE REGIONALE ALBERGHIERO,AORR02000A,ISTITUTO PROFESSIONALE REGIONALE ALBERGHIERO,AORR02000A,Altro,2020.49,1
"Istituto tecnico e professionale regionale ""Corrado Gex""",AORR01000A,"Istituto tecnico e professionale regionale ""Corrado Gex"" - professionale settore servizi e industria e artigianato",AORR01000A,Docente,2020.40,1
"Istituto tecnico e professionale regionale ""Corrado Gex""",AORR01000A,"Istituto tecnico e professionale regionale ""Corrado Gex"" - professionale settore servizi e industria e artigianato",AORR01000A,Docente,2020.41,4
"Istituto tecnico e professionale regionale ""Corrado Gex""",AORR01000A,"Istituto tecnico e professionale regionale ""Corrado Gex"" - professionale settore servizi e industria e artigianato",AORR01000A,Studente,2020.41,3
"Istituto tecnico e professionale regionale ""Corrado Gex""",AORR01000A,"Istituto tecnico e professionale regionale ""Corrado Gex"" - professionale settore servizi e industria e artigianato",AORR01000A,Docente,2020.42,5
"Istituto tecnico e professionale regionale ""Corrado Gex""",AORR01000A,"Istituto tecnico e professionale regionale ""Corrado Gex"" - professionale settore servizi e industria e artigianato",AORR01000A,Studente,2020.42,6
"Istituto tecnico e professionale regionale ""Corrado Gex""",AORR01000A,"Istituto tecnico e professionale regionale ""Corrado Gex"" - professionale settore servizi e industria e artigianato",AORR01000A,Studente,2020.43,11
"Istituto tecnico e professionale regionale ""Corrado Gex""",AORR01000A,"Istituto tecnico e professionale regionale ""Corrado Gex"" - professionale settore servizi e industria e artigianato",AORR01000A,Docente,2020.44,3
"Istituto tecnico e professionale regionale ""Corrado Gex""",AORR01000A,"Istituto tecnico e professionale regionale ""Corrado Gex"" - professionale settore servizi e industria e artigianato",AORR01000A,Studente,2020.44,1
"Istituto tecnico e professionale regionale ""Corrado Gex""",AORR01000A,"Istituto tecnico e professionale regionale ""Corrado Gex"" - professionale settore servizi e industria e artigianato",AORR01000A,Studente,2020.45,1
"Istituto tecnico e professionale regionale ""Corrado Gex""",AORR01000A,"Istituto tecnico e professionale regionale ""Corrado Gex"" - professionale settore servizi e industria e artigianato",AORR01000A,Studente,2020.46,6
"Istituto tecnico e professionale regionale ""Corrado Gex""",AORR01000A,"Istituto tecnico e professionale regionale ""Corrado Gex"" - professionale settore servizi e industria e artigianato",AORR01000A,Studente,2020.47,3
"Istituto tecnico e professionale regionale ""Corrado Gex""",AORR01000A,"Istituto tecnico e professionale regionale ""Corrado Gex"" - professionale settore servizi e industria e artigianato",AORR01000A,Studente,2020.48,2
"Istituto tecnico e professionale regionale ""Corrado Gex""",AORR01000A,"Istituto tecnico e professionale regionale ""Corrado Gex"" - tecnico del settore economico e tecnologico",AORR01001X,Studente,2020.40,3
"Istituto tecnico e professionale regionale ""Corrado Gex""",AORR01000A,"Istituto tecnico e professionale regionale ""Corrado Gex"" - tecnico del settore economico e tecnologico",AORR01001X,Studente,2020.41,8
"Istituto tecnico e professionale regionale ""Corrado Gex""",AORR01000A,"Istituto tecnico e professionale regionale ""Corrado Gex"" - tecnico del settore economico e tecnologico",AORR01001X,Studente,2020.42,29
"Istituto tecnico e professionale regionale ""Corrado Gex""",AORR01000A,"Istituto tecnico e professionale regionale ""Corrado Gex"" - tecnico del settore economico e tecnologico",AORR01001X,Studente,2020.43,1
"Istituto tecnico e professionale regionale ""Corrado Gex""",AORR01000A,"Istituto tecnico e professionale regionale ""Corrado Gex"" - tecnico del settore economico e tecnologico",AORR01001X,Studente,2020.44,2
"Istituto tecnico e professionale regionale ""Corrado Gex""",AORR01000A,"Istituto tecnico e professionale regionale ""Corrado Gex"" - tecnico del settore economico e tecnologico",AORR01001X,Studente,2020.45,2
"Istituto tecnico e professionale regionale ""Corrado Gex""",AORR01000A,"Istituto tecnico e professionale regionale ""Corrado Gex"" - tecnico del settore economico e tecnologico",AORR01001X,Studente,2020.46,3
Istituzione scolastica di istruzione liceale tecnica e professionale,AOPS02000L,"Istituzione scolastica di istruzione liceale,tecnica e professionale (Indirizzo: liceo scientifico)",AOPS02000L,Altro,2020.41,1
Istituzione scolastica di istruzione liceale tecnica e professionale,AOPS02000L,"Istituzione scolastica di istruzione liceale,tecnica e professionale (Indirizzo: liceo scientifico)",AOPS02000L,Docente,2020.41,2
Istituzione scolastica di istruzione liceale tecnica e professionale,AOPS02000L,"Istituzione scolastica di istruzione liceale,tecnica e professionale (Indirizzo: liceo scientifico)",AOPS02000L,Studente,2020.43,1
Istituzione scolastica di istruzione liceale tecnica e professionale,AOPS02000L,"Istituzione scolastica di istruzione liceale,tecnica e professionale (Indirizzo: liceo scientifico)",AOPS02000L,Docente,2020.44,1
Istituzione scolastica di istruzione liceale tecnica e professionale,AOPS02000L,"Istituzione scolastica di istruzione liceale,tecnica e professionale (Indirizzo: liceo scientifico)",AOPS02000L,Altro,2020.46,1
Istituzione scolastica di istruzione liceale tecnica e professionale,AOPS02000L,"Istituzione scolastica di istruzione liceale,tecnica e professionale (Indirizzo: liceo scientifico)",AOPS02000L,Docente,2020.47,1
Istituzione scolastica di istruzione liceale tecnica e professionale,AOPS02000L,"Istituzione scolastica di istruzione liceale,tecnica e professionale (Indirizzo: liceo scienze umane)",AOPM030008,Studente,2020.43,1
Istituzione scolastica di istruzione liceale tecnica e professionale,AOPS02000L,"Istituzione scolastica di istruzione liceale,tecnica e professionale (Indirizzo: liceo scienze umane)",AOPM030008,Studente,2020.44,1
Istituzione scolastica di istruzione liceale tecnica e professionale,AOPS02000L,"Istituzione scolastica di istruzione liceale,tecnica e professionale (Indirizzo: liceo scienze umane)",AOPM030008,Studente,2020.46,1
Istituzione scolastica di istruzione liceale tecnica e professionale,AOPS02000L,"Istituzione scolastica di istruzione liceale,tecnica e professionale (Indirizzo: liceo scienze umane)",AOPM030008,Studente,2020.47,1
Istituzione scolastica di istruzione liceale tecnica e professionale,AOPS02000L,"Istituzione scolastica di istruzione liceale,tecnica e professionale (Indirizzo: tecnico per il turismo)",AORR01002C,Studente,2020.42,1
Istituzione scolastica di istruzione liceale tecnica e professionale,AOPS02000L,"Istituzione scolastica di istruzione liceale,tecnica e professionale (Indirizzo: tecnico per il turismo)",AORR01002C,Studente,2020.43,1
Istituzione scolastica di istruzione liceale tecnica e professionale,AOPS02000L,"Istituzione scolastica di istruzione liceale,tecnica e professionale (Indirizzo: tecnico per il turismo)",AORR01002C,Studente,2020.49,2
Istituzione scolastica di istruzione liceale tecnica e professionale,AOPS02000L,"Istituzione scolastica di istruzione liceale, tecnica e professionale - professionale settore servizi e industria e artigianato (servizi socio sanitar",AOTF010004,Studente,2020.41,2
Istituzione scolastica di istruzione liceale tecnica e professionale,AOPS02000L,"Istituzione scolastica di istruzione liceale, tecnica e professionale - professionale settore servizi e industria e artigianato (servizi socio sanitar",AOTF010004,Studente,2020.42,1
Istituzione scolastica di istruzione liceale tecnica e professionale,AOPS02000L,"Istituzione scolastica di istruzione liceale, tecnica e professionale - professionale settore servizi e industria e artigianato (servizi socio sanitar",AOTF010004,Studente,2020.43,1
Istituzione scolastica di istruzione liceale tecnica e professionale,AOPS02000L,"Istituzione scolastica di istruzione liceale, tecnica e professionale - professionale settore servizi e industria e artigianato (servizi socio sanitar",AOTF010004,Studente,2020.44,1
Istituzione scolastica di istruzione liceale tecnica e professionale,AOPS02000L,"Istituzione scolastica di istruzione liceale, tecnica e professionale - professionale settore servizi e industria e artigianato (servizi socio sanitar",AOTF010004,Studente,2020.47,1
Istituzione scolastica di istruzione liceale tecnica e professionale,AOPS02000L,"Istituzione scolastica di istruzione liceale, tecnica e professionale - tecnico del settore economico e tecnologico (Amministrazione Finanza Marketing",AORR01001B,Studente,2020.42,1
Istituzione scolastica di istruzione liceale tecnica e professionale,AOPS02000L,"Istituzione scolastica di istruzione liceale, tecnica e professionale - tecnico del settore economico e tecnologico (Amministrazione Finanza Marketing",AORR01001B,Studente,2020.47,1
Istituzione scolastica di istruzione liceale tecnica e professionale,AOPS02000L,"Istituzione scolastica di istruzione liceale, tecnica e professionale - tecnico del settore economico e tecnologico (Elettronica ed elettrotecnica)",AOTF02001X,Studente,2020.40,1
Istituzione scolastica di istruzione liceale tecnica e professionale,AOPS02000L,"Istituzione scolastica di istruzione liceale, tecnica e professionale - tecnico del settore economico e tecnologico (Elettronica ed elettrotecnica)",AOTF02001X,Studente,2020.41,3
Istituzione scolastica di istruzione liceale tecnica e professionale,AOPS02000L,"Istituzione scolastica di istruzione liceale, tecnica e professionale - tecnico del settore economico e tecnologico (Elettronica ed elettrotecnica)",AOTF02001X,Studente,2020.42,1
Istituzione scolastica di istruzione liceale tecnica e professionale,AOPS02000L,"Istituzione scolastica di istruzione liceale, tecnica e professionale - tecnico del settore economico e tecnologico (Elettronica ed elettrotecnica)",AOTF02001X,Studente,2020.43,1
Istituzione scolastica di istruzione liceale tecnica e professionale,AOPS02000L,"Istituzione scolastica di istruzione liceale, tecnica e professionale - tecnico del settore economico e tecnologico (Elettronica ed elettrotecnica)",AOTF02001X,Studente,2020.48,1
Istituzione scolastica di istruzione liceale tecnica e professionale,AOPS02000L,"Istituzione scolastica di istruzione liceale, tecnica e professionale - tecnico del settore economico e tecnologico (Informatica e Telecomunicazioni)",AOTF02002T,Studente,2020.43,1
Istituzione scolastica di istruzione liceale tecnica e professionale,AOPS02000L,"Istituzione scolastica di istruzione liceale, tecnica e professionale - tecnico del settore economico e tecnologico (Informatica e Telecomunicazioni)",AOTF02002T,Studente,2020.44,1
Istituzione scolastica di istruzione liceale tecnica e professionale,AOPS02000L,"Istituzione scolastica di istruzione liceale, tecnica e professionale - tecnico del settore economico e tecnologico (Informatica e Telecomunicazioni)",AOTF02002T,Studente,2020.46,2
Istituzione scolastica di istruzione liceale tecnica e professionale,AOPS02000L,"Istituzione scolastica di istruzione liceale,tecnica e professionale (Indirizzo: liceo linguistico)",AOPL02001D,Studente,2020.42,1
Istituzione scolastica di istruzione liceale tecnica e professionale,AOPS02000L,"Istituzione scolastica di istruzione liceale,tecnica e professionale (Indirizzo: liceo linguistico)",AOPL02001D,Studente,2020.43,1
Istituzione scolastica di istruzione liceale tecnica e professionale,AOPS02000L,"Istituzione scolastica di istruzione liceale,tecnica e professionale (Indirizzo: liceo linguistico)",AOPL02001D,Studente,2020.44,1
Istituzione scolastica di istruzione liceale tecnica e professionale,AOPS02000L,"Istituzione scolastica di istruzione liceale,tecnica e professionale (Indirizzo: liceo linguistico)",AOPL02001D,Studente,2020.45,2
Istituzione scolastica di istruzione liceale tecnica e professionale,AOPS02000L,"Istituzione scolastica di istruzione liceale,tecnica e professionale (Indirizzo: liceo linguistico)",AOPL02001D,Studente,2020.46,1
"Istituzione scolastica di istruzione tecnica ""I. Manzetti""",AOTD010005,"Istituzione scolastica di istruzione tecnica ""I. Manzetti""",-,Altro,2020.40,1
"Istituzione scolastica di istruzione tecnica ""I. Manzetti""",AOTD010005,"Istituzione scolastica di istruzione tecnica ""I. Manzetti""",-,Docente,2020.42,1
"Istituzione scolastica di istruzione tecnica ""I. Manzetti""",AOTD010005,"Istituzione scolastica di istruzione tecnica ""I. Manzetti""",-,Altro,2020.44,1
"Istituzione scolastica di istruzione tecnica ""I. Manzetti""",AOTD010005,"Istituzione scolastica di istruzione tecnica ""I. Manzetti""",-,Docente,2020.45,1
"Istituzione scolastica di istruzione tecnica ""I. Manzetti""",AOTD010005,"Istituzione scolastica di istruzione tecnica ""I. Manzetti""",-,Docente,2020.46,1
"Istituzione scolastica di istruzione tecnica ""I. Manzetti""",AOTD010005,"Istituzione scolastica di istruzione tecnica ""I. Manzetti""",-,Docente,2020.47,1
"Istituzione scolastica di istruzione tecnica ""I. Manzetti""",AOTD010005,"Istituzione scolastica di istruzione tecnica ""I. Manzetti"" (Indirizzo: costruzione, ambiente e territorio) Istituzione scolastica di istruzione tecnic",AOTL010008,Studente,2020.41,1
"Istituzione scolastica di istruzione tecnica ""I. Manzetti""",AOTD010005,"Istituzione scolastica di istruzione tecnica ""I. Manzetti"" (Indirizzo: costruzione, ambiente e territorio) Istituzione scolastica di istruzione tecnic",AOTL010008,Studente,2020.42,2
"Istituzione scolastica di istruzione tecnica ""I. Manzetti""",AOTD010005,"Istituzione scolastica di istruzione tecnica ""I. Manzetti"" (Indirizzo: costruzione, ambiente e territorio) Istituzione scolastica di istruzione tecnic",AOTL010008,Studente,2020.43,4
"Istituzione scolastica di istruzione tecnica ""I. Manzetti""",AOTD010005,"Istituzione scolastica di istruzione tecnica ""I. Manzetti"" (Indirizzo: costruzione, ambiente e territorio) Istituzione scolastica di istruzione tecnic",AOTL010008,Studente,2020.47,2
"Istituzione scolastica di istruzione tecnica ""I. Manzetti""",AOTD010005,"Istituzione scolastica di istruzione tecnica ""I. Manzetti"" (Indirizzo: costruzione, ambiente e territorio) Istituzione scolastica di istruzione tecnic",AOTL010008,Studente,2020.48,2
"Istituzione scolastica di istruzione tecnica ""I. Manzetti""",AOTD010005,"Istituzione scolastica di istruzione tecnica ""I. Manzetti"" (Indirizzo: costruzione, ambiente e territorio) Istituzione scolastica di istruzione tecnic",AOTL010008,Studente,2020.49,1
"Istituzione scolastica di istruzione tecnica ""I. Manzetti""",AOTD010005,"Istituzione scolastica di istruzione tecnica ""I. Manzetti"" (Indirizzo: tecnico e commerciale)",AOTD01000T,Studente,2020.42,1
"Istituzione scolastica di istruzione tecnica ""I. Manzetti""",AOTD010005,"Istituzione scolastica di istruzione tecnica ""I. Manzetti"" (Indirizzo: tecnico e commerciale)",AOTD01000T,Studente,2020.43,1
"Istituzione scolastica di istruzione tecnica ""I. Manzetti""",AOTD010005,"Istituzione scolastica di istruzione tecnica ""I. Manzetti"" (Indirizzo: tecnico e commerciale)",AOTD01000T,Studente,2020.46,1
"Istituzione scolastica di istruzione tecnica ""I. Manzetti""",AOTD010005,"Istituzione scolastica di istruzione tecnica ""I. Manzetti"" (Indirizzo: tecnico e commerciale)",AOTD01000T,Studente,2020.49,1
J.B. Cerlogne,AOIP008000,"infanzia Sarre ""Venance Bernin""",AO1A008060,Studente,2020.46,1
J.B. Cerlogne,AOIP008000,J.B. Cerlogne,-,Docente,2020.43,1
J.B. Cerlogne,AOIP008000,J.B. Cerlogne,-,Docente,2020.46,1
J.B. Cerlogne,AOIP008000,J.B. Cerlogne,-,Docente,2020.47,2
J.B. Cerlogne,AOIP008000,"primaria  Saint-Pierre ""Ecole Société Ouvrière - L'union de Saint-Pierre""",AO1E008020,Studente,2020.48,2
J.B. Cerlogne,AOIP008000,"primaria  Saint-Pierre ""Ecole Société Ouvrière - L'union de Saint-Pierre""",AO1E008020,Studente,2020.49,2
J.B. Cerlogne,AOIP008000,"primaria Sarre ""Cirillo Blanc""",AO1E008040,Studente,2020.45,1
J.B. Cerlogne,AOIP008000,"primaria Sarre ""Cirillo Blanc""",AO1E008040,Studente,2020.46,1
J.B. Cerlogne,AOIP008000,"primaria Sarre ""Venance Bernin""",AO1E008060,Studente,2020.42,1
J.B. Cerlogne,AOIP008000,"primaria Sarre ""Venance Bernin""",AO1E008060,Studente,2020.44,1
J.B. Cerlogne,AOIP008000,"primaria Sarre ""Venance Bernin""",AO1E008060,Studente,2020.48,1
Liceo classico artistico e musicale,AOIP019000,"Liceo classico, artistico e musicale",-,Docente,2020.41,2
Liceo classico artistico e musicale,AOIP019000,"Liceo classico, artistico e musicale",-,Altro,2020.43,1
Liceo classico artistico e musicale,AOIP019000,"Liceo classico, artistico e musicale",-,Docente,2020.43,1
Liceo classico artistico e musicale,AOIP019000,"Liceo classico, artistico e musicale",-,Docente,2020.44,3
Liceo classico artistico e musicale,AOIP019000,"Liceo classico, artistico e musicale",-,Docente,2020.45,1
Liceo classico artistico e musicale,AOIP019000,"Liceo classico, artistico e musicale",-,Docente,2020.46,1
Liceo classico artistico e musicale,AOIP019000,"Liceo classico, artistico e musicale (Indirizzo artistico)",AOSD01000C,Studente,2020.40,1
Liceo classico artistico e musicale,AOIP019000,"Liceo classico, artistico e musicale (Indirizzo artistico)",AOSD01000C,Studente,2020.41,5
Liceo classico artistico e musicale,AOIP019000,"Liceo classico, artistico e musicale (Indirizzo artistico)",AOSD01000C,Studente,2020.42,8
Liceo classico artistico e musicale,AOIP019000,"Liceo classico, artistico e musicale (Indirizzo artistico)",AOSD01000C,Studente,2020.43,2
Liceo classico artistico e musicale,AOIP019000,"Liceo classico, artistico e musicale (Indirizzo artistico)",AOSD01000C,Studente,2020.44,2
Liceo classico artistico e musicale,AOIP019000,"Liceo classico, artistico e musicale (Indirizzo artistico)",AOSD01000C,Studente,2020.46,1
Liceo classico artistico e musicale,AOIP019000,"Liceo classico, artistico e musicale (Indirizzo artistico)",AOSD01000C,Studente,2020.47,2
Liceo classico artistico e musicale,AOIP019000,"Liceo classico, artistico e musicale (Indirizzo artistico)",AOSD01000C,Studente,2020.48,1
Liceo classico artistico e musicale,AOIP019000,"Liceo classico, artistico e musicale (Indirizzo classico)",AOPC01000V,Studente,2020.42,3
Liceo classico artistico e musicale,AOIP019000,"Liceo classico, artistico e musicale (Indirizzo classico)",AOPC01000V,Studente,2020.43,1
Liceo classico artistico e musicale,AOIP019000,"Liceo classico, artistico e musicale (Indirizzo classico)",AOPC01000V,Studente,2020.44,2
Liceo classico artistico e musicale,AOIP019000,"Liceo classico, artistico e musicale (Indirizzo classico)",AOPC01000V,Studente,2020.45,2
Liceo classico artistico e musicale,AOIP019000,"Liceo classico, artistico e musicale (Indirizzo classico)",AOPC01000V,Studente,2020.46,1
Liceo classico artistico e musicale,AOIP019000,"Liceo classico, artistico e musicale (Indirizzo classico)",AOPC01000V,Studente,2020.47,1
Liceo classico artistico e musicale,AOIP019000,"Liceo classico, artistico e musicale (Indirizzo classico)",AOPC01000V,Studente,2020.48,1
Liceo classico artistico e musicale,AOIP019000,"Liceo classico, artistico e musicale (Indirizzo musicale)",AOSD02001C,Studente,2020.41,2
Liceo classico artistico e musicale,AOIP019000,"Liceo classico, artistico e musicale (Indirizzo musicale)",AOSD02001C,Studente,2020.42,1
Liceo classico artistico e musicale,AOIP019000,"Liceo classico, artistico e musicale (Indirizzo musicale)",AOSD02001C,Studente,2020.44,1
"Liceo delle scienze umane e scientifico ""Regina Maria Adelaide""",AOPM010003,"Liceo delle scienze umane  ""Regina Maria Adelaide""",AOPM010003,Altro,2020.38,1
"Liceo delle scienze umane e scientifico ""Regina Maria Adelaide""",AOPM010003,"Liceo delle scienze umane  ""Regina Maria Adelaide""",AOPM010003,Studente,2020.41,2
"Liceo delle scienze umane e scientifico ""Regina Maria Adelaide""",AOPM010003,"Liceo delle scienze umane  ""Regina Maria Adelaide""",AOPM010003,Studente,2020.42,2
"Liceo delle scienze umane e scientifico ""Regina Maria Adelaide""",AOPM010003,"Liceo delle scienze umane  ""Regina Maria Adelaide""",AOPM010003,Docente,2020.43,1
"Liceo delle scienze umane e scientifico ""Regina Maria Adelaide""",AOPM010003,"Liceo delle scienze umane  ""Regina Maria Adelaide""",AOPM010003,Studente,2020.43,3
"Liceo delle scienze umane e scientifico ""Regina Maria Adelaide""",AOPM010003,"Liceo delle scienze umane  ""Regina Maria Adelaide""",AOPM010003,Altro,2020.44,1
"Liceo delle scienze umane e scientifico ""Regina Maria Adelaide""",AOPM010003,"Liceo delle scienze umane  ""Regina Maria Adelaide""",AOPM010003,Studente,2020.44,1
"Liceo delle scienze umane e scientifico ""Regina Maria Adelaide""",AOPM010003,"Liceo delle scienze umane  ""Regina Maria Adelaide""",AOPM010003,Studente,2020.45,1
"Liceo delle scienze umane e scientifico ""Regina Maria Adelaide""",AOPM010003,"Liceo delle scienze umane  ""Regina Maria Adelaide""",AOPM010003,Studente,2020.46,4
"Liceo delle scienze umane e scientifico ""Regina Maria Adelaide""",AOPM010003,"Liceo delle scienze umane  ""Regina Maria Adelaide""",AOPM010003,Studente,2020.48,1
"Liceo delle scienze umane e scientifico ""Regina Maria Adelaide""",AOPM010003,"Liceo delle scienze umane  ""Regina Maria Adelaide""",AOPM010003,Docente,2020.49,1
"Liceo delle scienze umane e scientifico ""Regina Maria Adelaide""",AOPM010003,"Liceo delle scienze umane  ""Regina Maria Adelaide""",AOPM010003,Studente,2020.49,3
"Liceo delle scienze umane e scientifico ""Regina Maria Adelaide""",AOPM010003,"Liceo scientifico ""Regina Maria Adelaide""",AOPS020013,Studente,2020.40,2
"Liceo delle scienze umane e scientifico ""Regina Maria Adelaide""",AOPM010003,"Liceo scientifico ""Regina Maria Adelaide""",AOPS020013,Studente,2020.41,2
"Liceo delle scienze umane e scientifico ""Regina Maria Adelaide""",AOPM010003,"Liceo scientifico ""Regina Maria Adelaide""",AOPS020013,Studente,2020.42,1
"Liceo delle scienze umane e scientifico ""Regina Maria Adelaide""",AOPM010003,"Liceo scientifico ""Regina Maria Adelaide""",AOPS020013,Studente,2020.44,2
"Liceo delle scienze umane e scientifico ""Regina Maria Adelaide""",AOPM010003,"Liceo scientifico ""Regina Maria Adelaide""",AOPS020013,Studente,2020.45,5
"Liceo delle scienze umane e scientifico ""Regina Maria Adelaide""",AOPM010003,"Liceo scientifico ""Regina Maria Adelaide""",AOPS020013,Studente,2020.46,1
"Liceo delle scienze umane e scientifico ""Regina Maria Adelaide""",AOPM010003,"Liceo scientifico ""Regina Maria Adelaide""",AOPS020013,Studente,2020.47,1
"Liceo delle scienze umane e scientifico ""Regina Maria Adelaide""",AOPM010003,"Liceo scientifico ""Regina Maria Adelaide""",AOPS020013,Studente,2020.48,1
"Liceo delle scienze umane e scientifico ""Regina Maria Adelaide""",AOPM010003,"Liceo scientifico ""Regina Maria Adelaide""",AOPS020013,Studente,2020.49,1
"Liceo scientifico e linguistico""E. BERARD""",AOPS010002,"Liceo linguistico""E. BERARD""",AOPL010012,Studente,2020.40,1
"Liceo scientifico e linguistico""E. BERARD""",AOPS010002,"Liceo linguistico""E. BERARD""",AOPL010012,Studente,2020.43,2
"Liceo scientifico e linguistico""E. BERARD""",AOPS010002,"Liceo linguistico""E. BERARD""",AOPL010012,Studente,2020.48,2
"Liceo scientifico e linguistico""E. BERARD""",AOPS010002,"Liceo scientifico ""E. BERARD""",AOPS010002,Studente,2020.38,1
"Liceo scientifico e linguistico""E. BERARD""",AOPS010002,"Liceo scientifico ""E. BERARD""",AOPS010002,Docente,2020.41,1
"Liceo scientifico e linguistico""E. BERARD""",AOPS010002,"Liceo scientifico ""E. BERARD""",AOPS010002,Studente,2020.41,1
"Liceo scientifico e linguistico""E. BERARD""",AOPS010002,"Liceo scientifico ""E. BERARD""",AOPS010002,Studente,2020.42,4
"Liceo scientifico e linguistico""E. BERARD""",AOPS010002,"Liceo scientifico ""E. BERARD""",AOPS010002,Studente,2020.43,1
"Liceo scientifico e linguistico""E. BERARD""",AOPS010002,"Liceo scientifico ""E. BERARD""",AOPS010002,Docente,2020.44,1
"Liceo scientifico e linguistico""E. BERARD""",AOPS010002,"Liceo scientifico ""E. BERARD""",AOPS010002,Studente,2020.44,1
"Liceo scientifico e linguistico""E. BERARD""",AOPS010002,"Liceo scientifico ""E. BERARD""",AOPS010002,Docente,2020.45,1
"Liceo scientifico e linguistico""E. BERARD""",AOPS010002,"Liceo scientifico ""E. BERARD""",AOPS010002,Studente,2020.45,1
"Liceo scientifico e linguistico""E. BERARD""",AOPS010002,"Liceo scientifico ""E. BERARD""",AOPS010002,Studente,2020.46,1
"Liceo scientifico e linguistico""E. BERARD""",AOPS010002,"Liceo scientifico ""E. BERARD""",AOPS010002,Studente,2020.47,1
Luigi Barone,AOIP015000,infanzia Challand Saint Victor,AO1A015010,Studente,2020.46,1
Luigi Barone,AOIP015000,Luigi Barone,-,Docente,2020.42,1
Luigi Barone,AOIP015000,Luigi Barone,-,Altro,2020.43,1
Luigi Barone,AOIP015000,Luigi Barone,-,Docente,2020.45,1
Luigi Barone,AOIP015000,Luigi Barone,-,Docente,2020.46,2
Luigi Barone,AOIP015000,Luigi Barone,-,Docente,2020.47,1
Luigi Barone,AOIP015000,primaria  Ayas,AO1E015040,Studente,2020.49,2
Luigi Barone,AOIP015000,primaria  Brusson,AO1E015030,Studente,2020.48,2
Luigi Barone,AOIP015000,primaria  Challand Saint Victor,AO1E015010,Studente,2020.45,3
Luigi Barone,AOIP015000,primaria  Challand Saint Victor,AO1E015010,Studente,2020.47,1
Luigi Barone,AOIP015000,secondaria di primo grado Brusson,AO1M015020,Studente,2020.47,1
Luigi Barone,AOIP015000,secondaria di primo grado Brusson,AO1M015020,Studente,2020.48,2
Luigi Barone,AOIP015000,secondaria di primo grado Verrès,AO1M015010,Studente,2020.45,3
Luigi Barone,AOIP015000,secondaria di primo grado Verrès,AO1M015010,Studente,2020.46,1
Luigi Barone,AOIP015000,secondaria di primo grado Verrès,AO1M015010,Studente,2020.48,1
Luigi Einaudi,AOIP003000,infanzia  Porossan,AO1A003020,Studente,2020.48,1
Luigi Einaudi,AOIP003000,Luigi Einaudi,-,Docente,2020.45,1
Luigi Einaudi,AOIP003000,Luigi Einaudi,-,Docente,2020.46,1
Luigi Einaudi,AOIP003000,Luigi Einaudi,-,Docente,2020.47,1
Luigi Einaudi,AOIP003000,Luigi Einaudi,-,Docente,2020.49,1
Luigi Einaudi,AOIP003000,primaria  Porossan,AO1E003020,Studente,2020.46,1
Luigi Einaudi,AOIP003000,primaria Aosta - Einaudi,AO1E003010,Studente,2020.44,2
Luigi Einaudi,AOIP003000,primaria Aosta - Einaudi,AO1E003010,Studente,2020.46,1
Luigi Einaudi,AOIP003000,primaria Aosta - Einaudi,AO1E003010,Studente,2020.48,2
Luigi Einaudi,AOIP003000,secondaria di primo grado Einaudi,AO1M003010,Studente,2020.38,2
Luigi Einaudi,AOIP003000,secondaria di primo grado Einaudi,AO1M003010,Studente,2020.44,1
Luigi Einaudi,AOIP003000,secondaria di primo grado Einaudi,AO1M003010,Studente,2020.45,3
Luigi Einaudi,AOIP003000,secondaria di primo grado Einaudi,AO1M003010,Studente,2020.46,1
Maria Ida Viglino,AOIP007000,Maria Ida Viglino,-,Docente,2020.44,1
Maria Ida Viglino,AOIP007000,Maria Ida Viglino,-,Docente,2020.45,2
Maria Ida Viglino,AOIP007000,Maria Ida Viglino,-,Docente,2020.46,1
Maria Ida Viglino,AOIP007000,Maria Ida Viglino,-,Docente,2020.47,1
Maria Ida Viglino,AOIP007000,primaria Cogne,AO1E007030,Studente,2020.46,1
Maria Ida Viglino,AOIP007000,"secondaria di primo grado ""Maria Ida Viglino""",AO1M007010,Studente,2020.44,1
Maria Ida Viglino,AOIP007000,"secondaria di primo grado ""Maria Ida Viglino""",AO1M007010,Studente,2020.46,2
Maria Ida Viglino,AOIP007000,"secondaria di primo grado ""Maria Ida Viglino""",AO1M007010,Studente,2020.47,2
Maria Ida Viglino,AOIP007000,secondaria di primo grado Cogne,AO1M007020,Studente,2020.45,2
Mont Emilius 1,AOIP010000,infanzia  Nus,AO1A010020,Studente,2020.49,1
Mont Emilius 1,AOIP010000,infanzia St-Marcel,AO1A010030,Studente,2020.44,1
Mont Emilius 1,AOIP010000,Mont Emilius 1,-,Docente,2020.43,4
Mont Emilius 1,AOIP010000,Mont Emilius 1,-,Docente,2020.44,1
Mont Emilius 1,AOIP010000,Mont Emilius 1,-,Docente,2020.47,3
Mont Emilius 1,AOIP010000,primaria  Fénis,AO1E010010,Studente,2020.44,1
Mont Emilius 1,AOIP010000,primaria  St-Marcel,AO1E010030,Studente,2020.44,1
Mont Emilius 1,AOIP010000,secondaria di primo grado Nus,AO1M010010,Studente,2020.45,2
Mont Emilius 1,AOIP010000,secondaria di primo grado Nus,AO1M010010,Studente,2020.46,2
Mont Emilius 1,AOIP010000,secondaria di primo grado Nus,AO1M010010,Studente,2020.47,1
Mont Emilius 1,AOIP010000,secondaria di primo grado Nus,AO1M010010,Studente,2020.48,3
Mont Emilius 2,AOIP011000,infanzia Brissogne,AO1A011030,Studente,2020.48,1
Mont Emilius 2,AOIP011000,Mont Emilius 2,-,Docente,2020.42,1
Mont Emilius 2,AOIP011000,Mont Emilius 2,-,Docente,2020.45,1
Mont Emilius 2,AOIP011000,Mont Emilius 2,-,Docente,2020.46,2
Mont Emilius 2,AOIP011000,Mont Emilius 2,-,Docente,2020.47,2
Mont Emilius 2,AOIP011000,Mont Emilius 2,-,Docente,2020.48,1
Mont Emilius 2,AOIP011000,primaria  Saint-Christophe Bret,AO1E011030,Studente,2020.48,1
Mont Emilius 2,AOIP011000,primaria Brissogne,AO1E011020,Studente,2020.44,1
Mont Emilius 2,AOIP011000,"primaria Quart-Villair ""Josephine Barbara Ronc""",AO1E011010,Studente,2020.47,10
Mont Emilius 2,AOIP011000,"primaria Quart-Villair ""Josephine Barbara Ronc""",AO1E011010,Studente,2020.49,1
Mont Emilius 2,AOIP011000,primaria Saint-Christophe Pallein,AO1E011040,Studente,2020.46,1
Mont Emilius 2,AOIP011000,"secondaria di primo grado  Quart ""Don Bénigne Favre""",AO1M011010,Studente,2020.42,1
Mont Emilius 2,AOIP011000,"secondaria di primo grado  Quart ""Don Bénigne Favre""",AO1M011010,Studente,2020.43,1
Mont Emilius 2,AOIP011000,"secondaria di primo grado  Quart ""Don Bénigne Favre""",AO1M011010,Studente,2020.44,1
Mont Emilius 2,AOIP011000,"secondaria di primo grado  Quart ""Don Bénigne Favre""",AO1M011010,Studente,2020.46,1
Mont Emilius 2,AOIP011000,"secondaria di primo grado  Quart ""Don Bénigne Favre""",AO1M011010,Studente,2020.48,1
Mont Emilius 2,AOIP011000,"secondaria di primo grado  Quart ""Don Bénigne Favre""",AO1M011010,Studente,2020.49,1
Mont Emilius 3,AOIP012000,infanzia  Plan Félinaz,AO1A012040,Studente,2020.47,1
Mont Emilius 3,AOIP012000,infanzia Gressan Chevrot,AO1A012020,Studente,2020.38,1
Mont Emilius 3,AOIP012000,infanzia Pollein,AO1A012050,Studente,2020.48,2
Mont Emilius 3,AOIP012000,Mont Emilius 3,-,Docente,2020.42,1
Mont Emilius 3,AOIP012000,Mont Emilius 3,-,Docente,2020.43,5
Mont Emilius 3,AOIP012000,Mont Emilius 3,-,Docente,2020.44,3
Mont Emilius 3,AOIP012000,Mont Emilius 3,-,Docente,2020.45,1
Mont Emilius 3,AOIP012000,Mont Emilius 3,-,Docente,2020.46,2
Mont Emilius 3,AOIP012000,Mont Emilius 3,-,Docente,2020.47,1
Mont Emilius 3,AOIP012000,Mont Emilius 3,-,Docente,2020.48,3
Mont Emilius 3,AOIP012000,primaria Gressan Chevrot,AO1E012020,Studente,2020.44,1
Mont Emilius 3,AOIP012000,primaria Gressan Chevrot,AO1E012020,Studente,2020.45,1
Mont Emilius 3,AOIP012000,primaria Gressan Chevrot,AO1E012020,Studente,2020.46,1
Mont Emilius 3,AOIP012000,secondaria di primo grado Charvensod,AO1M012010,Studente,2020.42,2
Mont Emilius 3,AOIP012000,secondaria di primo grado Charvensod,AO1M012010,Studente,2020.44,2
Mont Emilius 3,AOIP012000,secondaria di primo grado Charvensod,AO1M012010,Studente,2020.45,1
Mont Emilius 3,AOIP012000,secondaria di primo grado Charvensod,AO1M012010,Studente,2020.46,1
Mont Rose A,AOIP017000,infanzia Donnas,AO1A017020,Studente,2020.49,1
Mont Rose A,AOIP017000,infanzia Hone,AO1A017030,Studente,2020.42,1
Mont Rose A,AOIP017000,Mont Rose A,-,Docente,2020.42,1
Mont Rose A,AOIP017000,secondaria di primo grado Pont-St-Martin,AO1M017010,Studente,2020.43,1
Mont Rose A,AOIP017000,secondaria di primo grado Pont-St-Martin,AO1M017010,Studente,2020.44,2
Mont Rose A,AOIP017000,secondaria di primo grado Pont-St-Martin,AO1M017010,Studente,2020.47,1
Mont Rose A,AOIP017000,secondaria di primo grado Pont-St-Martin,AO1M017010,Studente,2020.48,1
Paritario Baraing,AO1A60801X,Paritario Baraing,AO1A60801X,Docente,2020.46,1
Paritario Courmayeur,AOPL60500E,LICEO LINGUISTICO,AOPL60500E,Studente,2020.42,3
Paritario Courmayeur,AOPL60500E,LICEO LINGUISTICO,AOPL60500E,Studente,2020.43,2
Paritario Courmayeur,AOPL60500E,LICEO LINGUISTICO,AOPL60500E,Studente,2020.44,2
Paritario Courmayeur,AOPL60500E,LICEO LINGUISTICO,AOPL60500E,Studente,2020.47,2
Paritario Courmayeur,AOPL60500E,LICEO LINGUISTICO,AOPL60500E,Studente,2020.48,1
Paritario Courmayeur,AOPL60500E,Paritario Courmayeur,AOPL60500E,Docente,2020.43,1
Paritario Courmayeur,AOPL60500E,Paritario Courmayeur,AOPL60500E,Docente,2020.46,1
Paritario Cretier Joris,AO1A60901X,"Scuola dell'infanzia paritaria ""Crétier Joris""",AO1A60901X,Altro,2020.46,1
Paritario Cretier Joris,AO1A60901X,"Scuola dell'infanzia paritaria ""Crétier Joris""",AO1A60901X,Studente,2020.46,1
Paritario Cretier Joris,AO1A60901X,"Scuola dell'infanzia paritaria ""Crétier Joris""",AO1A60901X,Studente,2020.47,1
Paritario Don Bosco,AORI47500D,DON BOSCO,-,Studente,2020.40,1
Paritario Don Bosco,AORI47500D,DON BOSCO,-,Studente,2020.42,1
Paritario Don Bosco,AORI47500D,DON BOSCO,-,Studente,2020.44,2
Paritario Don Bosco,AORI47500D,DON BOSCO,-,Studente,2020.46,1
Paritario Don Bosco,AORI47500D,DON BOSCO,-,Studente,2020.47,2
Paritario Don Bosco,AORI47500D,Don Bosco -Operatore alla riparazione del veicolo a motore (triennale),AORI47501V,Studente,2020.42,1
Paritario Don Bosco,AORI47500D,Don Bosco -Operatore alla riparazione del veicolo a motore (triennale),AORI47501V,Studente,2020.43,1
Paritario Don Bosco,AORI47500D,Don Bosco -Operatore alla riparazione del veicolo a motore (triennale),AORI47501V,Studente,2020.44,1
Paritario Don Bosco,AORI47500D,Don Bosco -Operatore alla riparazione del veicolo a motore (triennale),AORI47501V,Studente,2020.46,1
Paritario Don Bosco,AORI47500D,Don Bosco -Operatore alla riparazione del veicolo a motore (triennale),AORI47501V,Studente,2020.47,1
Paritario Don Bosco,AORI47500D,Paritario Don Bosco,-,Docente,2020.43,1
Paritario Don Bosco,AORI47500D,Paritario Don Bosco,-,Altro,2020.45,1
Paritario Don Bosco,AORI47500D,Paritario Don Bosco,-,Docente,2020.45,1
Paritario Don Bosco,AORI47500D,secondaria di primo grado Don Bosco,AO1M475010,Studente,2020.44,1
Paritario Don Bosco,AORI47500D,secondaria di primo grado Don Bosco,AO1M475010,Studente,2020.48,1
Paritario Rigollet,AO1A60501X,"Scuola dell'infanzia paritaria ""Rigollet""",AO1A60501X,Studente,2020.43,1
Paritario San Giovanni Bosco,AO1E60100A,Paritario San Giovanni Bosco,-,Docente,2020.46,1
Paritario San Giovanni Bosco,AO1E60100A,Paritario San Giovanni Bosco,-,Docente,2020.47,1
Paritario San Giovanni Bosco,AO1E60100A,Paritario San Giovanni Bosco,-,Docente,2020.48,1
Paritario San Giovanni Bosco,AO1E60100A,"Scuola primaria paritaria ""San Giovanni Bosco""",AO1E60101X,Studente,2020.42,1
Paritario San Giovanni Bosco,AO1E60100A,"Scuola primaria paritaria ""San Giovanni Bosco""",AO1E60101X,Studente,2020.44,1
Paritario San Giuseppe,AO1E60200A,"Scuola primaria paritaria ""San Giuseppe""",AO1E60201X,Studente,2020.48,1
PROGETTO FORMAZIONE SCRL,-,Progetto Formazione SCRL,-,Studente,2020.43,1
PROGETTO FORMAZIONE SCRL,-,Progetto Formazione SCRL,-,Studente,2020.44,1
PROGETTO FORMAZIONE SCRL,-,Progetto Formazione SCRL,-,Studente,2020.46,1
Saint-Roch,AOIP002000,infanzia Antica Vetreria,AO1A002010,Studente,2020.44,1
Saint-Roch,AOIP002000,primaria Ponte di Pietra,AO1E002010,Studente,2020.42,2
Saint-Roch,AOIP002000,primaria Ponte di Pietra,AO1E002010,Studente,2020.45,1
Saint-Roch,AOIP002000,primaria Quartiere Dora,AO1E002020,Studente,2020.46,1
Saint-Roch,AOIP002000,Saint-Roch,-,Docente,2020.45,2
Saint-Roch,AOIP002000,Saint-Roch,-,Docente,2020.46,1
Saint-Roch,AOIP002000,Saint-Roch,-,Docente,2020.47,1
Saint-Roch,AOIP002000,secondaria di primo grado Saint-Roch,AO1M002010,Studente,2020.38,1
Saint-Roch,AOIP002000,secondaria di primo grado Saint-Roch,AO1M002010,Studente,2020.43,1
San Francesco,AOIP001000,primaria Aosta - San Francesco,AO1E001010,Studente,2020.42,1
San Francesco,AOIP001000,primaria Aosta - San Francesco,AO1E001010,Studente,2020.45,4
San Francesco,AOIP001000,primaria Aosta - San Francesco,AO1E001010,Studente,2020.46,1
San Francesco,AOIP001000,primaria Aosta - San Francesco,AO1E001010,Studente,2020.47,1
San Francesco,AOIP001000,San Francesco,-,Docente,2020.43,1
San Francesco,AOIP001000,San Francesco,-,Docente,2020.44,1
San Francesco,AOIP001000,San Francesco,-,Docente,2020.45,1
San Francesco,AOIP001000,San Francesco,-,Docente,2020.46,1
San Francesco,AOIP001000,San Francesco,-,Docente,2020.48,1
San Francesco,AOIP001000,secondaria di primo grado San Francesco,AO1M001010,Studente,2020.42,1
San Francesco,AOIP001000,secondaria di primo grado San Francesco,AO1M001010,Studente,2020.43,1
San Francesco,AOIP001000,secondaria di primo grado San Francesco,AO1M001010,Studente,2020.44,8
San Francesco,AOIP001000,secondaria di primo grado San Francesco,AO1M001010,Studente,2020.46,1
San Francesco,AOIP001000,secondaria di primo grado San Francesco,AO1M001010,Studente,2020.47,1
San Francesco,AOIP001000,secondaria di primo grado San Francesco,AO1M001010,Studente,2020.49,1
Valdigne Mont Blanc,AOIP006000,primaria  Courmayeur,AO1E006050,Studente,2020.43,3
Valdigne Mont Blanc,AOIP006000,primaria  Courmayeur,AO1E006050,Studente,2020.44,1
Valdigne Mont Blanc,AOIP006000,primaria  Courmayeur,AO1E006050,Studente,2020.45,1
Valdigne Mont Blanc,AOIP006000,primaria  Morgex,AO1E006020,Studente,2020.46,1
Valdigne Mont Blanc,AOIP006000,secondaria di primo grado Courmayeur,AO1M006020,Studente,2020.43,1
Valdigne Mont Blanc,AOIP006000,secondaria di primo grado grado  Morgex,AO1M006010,Studente,2020.47,1
Valdigne Mont Blanc,AOIP006000,Valdigne Mont Blanc,-,Docente,2020.44,1
Valdigne Mont Blanc,AOIP006000,Valdigne Mont Blanc,-,Altro,2020.45,1
Valdigne Mont Blanc,AOIP006000,Valdigne Mont Blanc,-,Docente,2020.46,1
Walser Mont Rose B,AOIP018000,primaria Fontainemore,AO1E018010,Studente,2020.48,1
Walser Mont Rose B,AOIP018000,primaria Gressoney Saint-Jean,AO1E018030,Studente,2020.45,1
Walser Mont Rose B,AOIP018000,secondaria di primo grado Gressoney,AO1M018010,Studente,2020.43,2
Walser Mont Rose B,AOIP018000,secondaria di primo grado Gressoney,AO1M018010,Studente,2020.45,1
Walser Mont Rose B,AOIP018000,Walser Mont Rose B,-,Docente,2020.45,1
Walser Mont Rose B,AOIP018000,Walser Mont Rose B,-,Docente,2020.46,3
Walser Mont Rose B,AOIP018000,Walser Mont Rose B,-,Docente,2020.48,1